Workbook

Sheet MVP Dashboard
A1: MVP QA Dashboard — готовність PC/Web + Android
A2: Заповнюй Status у листі “MVP Test Matrix” та дефекти у “Defects”. Dashboard і Release Gate рахуються автоматично.
A4: KPI | B4: Value | D4: Platform | E4: Total | F4: Failed MVP Gate
A5: Total tests | B5: =COUNTA('MVP Test Matrix'!$A$3:$A$500) | D5: Cross-platform | E5: =COUNTIF('MVP Test Matrix'!$B$3:$B$500,D5) | F5: =COUNTIFS('MVP Test Matrix'!$B$3:$B$500,D5,'MVP Test Matrix'!$M$3:$M$500,"YES",'MVP Test Matrix'!$N$3:$N$500,"FAIL")
A6: PASS | B6: =COUNTIF('MVP Test Matrix'!$N$3:$N$500,"PASS") | D6: PC/Web | E6: =COUNTIF('MVP Test Matrix'!$B$3:$B$500,D6) | F6: =COUNTIFS('MVP Test Matrix'!$B$3:$B$500,D6,'MVP Test Matrix'!$M$3:$M$500,"YES",'MVP Test Matrix'!$N$3:$N$500,"FAIL")
A7: FAIL | B7: =COUNTIF('MVP Test Matrix'!$N$3:$N$500,"FAIL") | D7: Android | E7: =COUNTIF('MVP Test Matrix'!$B$3:$B$500,D7) | F7: =COUNTIFS('MVP Test Matrix'!$B$3:$B$500,D7,'MVP Test Matrix'!$M$3:$M$500,"YES",'MVP Test Matrix'!$N$3:$N$500,"FAIL")
A8: BLOCKED | B8: =COUNTIF('MVP Test Matrix'!$N$3:$N$500,"BLOCKED") | D8: AI/RAG | E8: =COUNTIF('MVP Test Matrix'!$B$3:$B$500,D8) | F8: =COUNTIFS('MVP Test Matrix'!$B$3:$B$500,D8,'MVP Test Matrix'!$M$3:$M$500,"YES",'MVP Test Matrix'!$N$3:$N$500,"FAIL")
A9: NOT STARTED | B9: =COUNTIF('MVP Test Matrix'!$N$3:$N$500,"NOT STARTED") | D9: Release | E9: =COUNTIF('MVP Test Matrix'!$B$3:$B$500,D9) | F9: =COUNTIFS('MVP Test Matrix'!$B$3:$B$500,D9,'MVP Test Matrix'!$M$3:$M$500,"YES",'MVP Test Matrix'!$N$3:$N$500,"FAIL")
A10: IN PROGRESS | B10: =COUNTIF('MVP Test Matrix'!$N$3:$N$500,"IN PROGRESS")
A11: MVP gate tests | B11: =COUNTIF('MVP Test Matrix'!$M$3:$M$500,"YES") | D11: Priority | E11: Total | F11: FAIL
A12: MVP gate failed | B12: =COUNTIFS('MVP Test Matrix'!$M$3:$M$500,"YES",'MVP Test Matrix'!$N$3:$N$500,"FAIL") | D12: P0 | E12: =COUNTIF('MVP Test Matrix'!$K$3:$K$500,D12) | F12: =COUNTIFS('MVP Test Matrix'!$K$3:$K$500,D12,'MVP Test Matrix'!$N$3:$N$500,"FAIL")
A13: Open P0 defects | B13: =COUNTIFS(Defects!$I$3:$I$1000,"P0",Defects!$K$3:$K$1000,"<>CLOSED",Defects!$A$3:$A$1000,"<>") | D13: P1 | E13: =COUNTIF('MVP Test Matrix'!$K$3:$K$500,D13) | F13: =COUNTIFS('MVP Test Matrix'!$K$3:$K$500,D13,'MVP Test Matrix'!$N$3:$N$500,"FAIL")
A14: Release gates passed | B14: =COUNTIF('Release Gate'!$E$3:$E$16,"PASS") | D14: P2 | E14: =COUNTIF('MVP Test Matrix'!$K$3:$K$500,D14) | F14: =COUNTIFS('MVP Test Matrix'!$K$3:$K$500,D14,'MVP Test Matrix'!$N$3:$N$500,"FAIL")
A15: Release gates total | B15: =COUNTA('Release Gate'!$A$3:$A$16) | D15: P3 | E15: =COUNTIF('MVP Test Matrix'!$K$3:$K$500,D15) | F15: =COUNTIFS('MVP Test Matrix'!$K$3:$K$500,D15,'MVP Test Matrix'!$N$3:$N$500,"FAIL")
A16: Gate pass ratio | B16: =IF(B15=0,0,B14/B15)
A19: Рекомендований порядок проходження
A20: 1 | B20: Code / dependency / secrets | C20: Прибрати blocker-и ще до runtime | D20: P0/P1 findings = 0
A21: 2 | B21: Build / release config | C21: Отримати відтворюваний production build | D21: Clean release build PASS
A22: 3 | B22: Core functional + data | C22: CRUD, import/export, migration, recovery | D22: Core gate tests = 100% PASS
A23: 4 | B23: Network / offline | C23: Пережити offline, reconnect, 429/500 | D23: No data loss / duplicate sync
A24: 5 | B24: Security / privacy | C24: SAST + dynamic + logs/storage | D24: Critical/High exploitable = 0
A25: 6 | B25: Performance / memory | C25: Startup, latency, leaks, stress | D25: Budgets met; no unbounded leaks
A26: 7 | B26: PC/Web matrix | C26: Browsers, DPI, filesystem, Windows env | D26: Supported PC matrix PASS
A27: 8 | B27: Android matrix | C27: Lifecycle, permissions, WebView, devices, signing | D27: Supported Android matrix PASS
A28: 9 | B28: Content / AI if applicable | C28: Domain facts, formulas, citations, RAG eval | D28: Critical factual/AI failures = 0
A29: 10 | B29: Regression + UAT + final smoke | C29: Freeze critical suite and validate real use | D29: All Release Gates PASS
A31: Interpretation
A32: “MVP RELEASE CANDIDATE” у цьому файлі означає, що всі визначені блокуючі QA-gates пройдені. Це не замінює магазинний review або production monitoring, але дає формальний технічний критерій, що критичні функціональні, data-integrity, security, compatibility та recovery перевірки виконані.

Sheet Analysis Catalog
A1: Каталог видів аналізу для доведення застосунку до MVP
A2: Code | B2: Platform | C2: Вид аналізу | D2: Мета | E2: Що перевіряємо | F2: Коли запускати | G2: Інструменти / підхід | H2: Автоматизація | I2: Ключові метрики | J2: Артефакт на виході | K2: MVP критичність
A3: A01 | B3: Cross-platform | C3: Static code analysis | D3: Знайти дефекти без запуску | E3: Синтаксис, lint, dead code, null/undefined, async errors, type issues, небезпечні патерни | F3: На кожен PR / build | G3: ESLint, TypeScript checks, Semgrep, IDE inspections | H3: Automated | I3: 0 critical lint; 0 blocker findings | J3: Static Analysis Report | K3: High
A4: A02 | B4: Cross-platform | C4: Architecture audit | D4: Перевірити, чи MVP можна підтримувати й розширювати | E4: Шари UI/service/storage/API, state, routing, error handling, конфігурація, модульність | F4: Перед стабілізацією MVP | G4: Code review + dependency map | H4: Manual | I4: Критичні циклічні залежності=0 | J4: Architecture Review | K4: High
A5: A03 | B5: Cross-platform | C5: Dependency / supply-chain audit | D5: Прибрати відомі вразливості та ризикові пакети | E5: CVE, застарілі пакети, abandoned dependencies, ліцензії | F5: Щотижня + перед release | G5: npm audit, OSV, dependency review | H5: Automated | I5: Critical/High exploitable=0 | J5: Dependency Risk Report | K5: High
A6: A04 | B6: Cross-platform | C6: Build configuration audit | D6: Виключити debug/secret/config помилки у release | E6: Dev/prod env, debug flags, source maps, endpoints, feature flags | F6: Кожен release candidate | G6: Build diff + config checklist | H6: Semi-automated | I6: 0 debug-only configs in prod | J6: Build Config Report | K6: High
A7: A05 | B7: Cross-platform | C7: Unit testing | D7: Перевірити окрему бізнес-логіку | E7: Calculators, parsers, validators, transforms, state reducers | F7: На кожну зміну логіки | G7: Jest/Vitest/JUnit equivalents | H7: Automated | I7: 100% critical functions covered | J7: Unit Test Report | K7: High
A8: A06 | B8: Cross-platform | C8: Integration testing | D8: Перевірити взаємодію модулів | E8: UI↔service, parser↔storage, API↔cache, export↔data | F8: На кожен major build | G8: Integration test harness | H8: Automated | I8: Critical integrations pass=100% | J8: Integration Report | K8: High
A9: A07 | B9: Cross-platform | C9: Functional / capability audit | D9: Довести, що кожна функція реально працює end-to-end | E9: Create/read/update/delete, import/export, search, settings, sync | F9: Перед MVP + після великих змін | G9: Manual checklist + automation | H9: Semi-automated | I9: Core capabilities pass=100% | J9: Capability Matrix | K9: Critical
A10: A08 | B10: Cross-platform | C10: End-to-End testing | D10: Перевірити повні сценарії користувача | E10: Install/login/create/import/analyze/save/export/reopen | F10: Кожен release candidate | G10: Playwright/Cypress/Appium/manual | H10: Semi-automated | I10: Critical E2E pass=100% | J10: E2E Report | K10: Critical
A11: A09 | B11: Cross-platform | C11: Negative testing | D11: Перевірити поведінку на неправильних даних | E11: Порожні поля, invalid files, duplicate clicks, timeouts, malformed responses | F11: Перед MVP | G11: Fuzzed/manual scenarios | H11: Semi-automated | I11: 0 crashes; deterministic errors | J11: Negative Test Report | K11: High
A12: A10 | B12: Cross-platform | C12: Boundary / edge-case testing | D12: Знайти дефекти на межах допустимих значень | E12: 0/1/max, very long text, unicode, extremes, date/time edges | F12: Перед MVP | G12: Boundary matrix | H12: Semi-automated | I12: All documented boundaries handled | J12: Boundary Report | K12: High
A13: A11 | B13: Cross-platform | C13: Data integrity audit | D13: Не допустити втрати/дублювання/пошкодження даних | E13: CRUD consistency, referential integrity, export matches source, retries | F13: Кожен RC | G13: Checksums, DB queries, fixture comparison | H13: Semi-automated | I13: Data loss/duplication=0 | J13: Data Integrity Report | K13: Critical
... A59: A57 | B59: Release | C59: Release Readiness Audit | D59: Прийняти формальне рішення про RC | E59: Open defects, gate metrics, artifacts, signing, backups, rollback | F59: Перед публікацією | G59: Release checklist + dashboard | H59: Manual | I59: All blocking gates PASS | J59: Release Readiness Report | K59: Critical

Sheet MVP Test Matrix
A1: MVP Test Matrix — конкретні перевірки PC/Web, Android і Cross-platform
A2: Test ID | B2: Platform | C2: Stage | D2: Analysis Type | E2: Subcategory | F2: Що перевірити | G2: Детальний сценарій / кроки | H2: Очікуваний результат / PASS criterion | I2: Інструменти | J2: Automation | K2: Priority | L2: Failure Severity | M2: MVP Gate | N2: Status | O2: Owner | P2: Evidence / Link | Q2: Defect ID | R2: Retest | S2: Notes | T2: Frequency
A3: T001 | B3: Cross-platform | C3: 1-Code | D3: Static code analysis | E3: Lint | F3: Critical lint/type errors | G3: Запустити lint/type-check на clean checkout | H3: 0 errors; warnings reviewed | I3: ESLint/TS compiler | J3: Automated | K3: P1 | L3: High | M3: YES | N3: NOT STARTED | R3: NOT TESTED | T3: Every build
A4: T002 | B4: Cross-platform | C4: 1-Code | D4: Secrets audit | E4: Repository | F4: Secrets in repository/history | G4: Scan source + config + recent history for API keys/tokens | H4: No production secrets exposed | I4: Gitleaks/secret scanner | J4: Automated | K4: P0 | L4: Critical | M4: YES | N4: NOT STARTED | R4: NOT TESTED | T4: Every release
A5: T003 | B5: Cross-platform | C5: 1-Code | D5: Dependency audit | E5: CVE | F5: Known vulnerable dependencies | G5: Run dependency vulnerability scan and triage reachable issues | H5: 0 confirmed Critical/High exploitable issues | I5: npm audit/OSV | J5: Automated | K5: P0 | L5: Critical | M5: YES | N5: NOT STARTED | R5: NOT TESTED | T5: Every release
A6: T004 | B6: Cross-platform | C6: 1-Code | D6: Architecture audit | E6: Boundaries | F6: UI/business/storage separation | G6: Trace 3 core flows; confirm no uncontrolled direct storage/API calls from UI | H6: Dependencies follow documented architecture | I6: Code review | J6: Manual | K6: P1 | L6: High | M6: NO | N6: NOT STARTED | R6: NOT TESTED | T6: Every major release
A7: T005 | B7: Cross-platform | C7: 2-Build | D7: Build config audit | E7: Prod config | F7: Production endpoints and flags | G7: Build release; inspect environment, logs, dev menus, debug flags | H7: Only production-safe config active | I7: Build inspection | J7: Semi-automated | K7: P0 | L7: Critical | M7: YES | N7: NOT STARTED | R7: NOT TESTED | T7: Every release
A8: T006 | B8: Cross-platform | C8: 2-Build | D8: Build reproducibility | E8: Clean build | F8: Build from clean checkout | G8: Clear caches/deps as documented; build release artifact | H8: Build succeeds without undeclared local state | I8: CI/local clean build | J8: Automated | K8: P1 | L8: High | M8: YES | N8: NOT STARTED | R8: NOT TESTED | T8: Every release
A9: T007 | B9: Cross-platform | C9: 3-Core | D9: Functional audit | E9: Create | F9: Create primary record/entity | G9: Create valid record using all required fields; save; reopen | H9: Record persists exactly once with correct values | I9: Manual/E2E | J9: Semi-automated | K9: P0 | L9: Critical | M9: YES | N9: NOT STARTED | R9: NOT TESTED | T9: Every release
A10: T008 | B10: Cross-platform | C10: 3-Core | D10: Functional audit | E10: Read | F10: Open list/detail of saved record | G10: Restart app; navigate to record; compare values | H10: All persisted fields correct | I10: Manual/E2E | J10: Semi-automated | K10: P0 | L10: Critical | M10: YES | N10: NOT STARTED | R10: NOT TESTED | T10: Every release
A11: T009 | B11: Cross-platform | C11: 3-Core | D11: Functional audit | E11: Edit | F11: Edit primary record | G11: Change multiple fields; save; restart | H11: Only intended fields changed; persisted | I11: Manual/E2E | J11: Semi-automated | K11: P0 | L11: Critical | M11: YES | N11: NOT STARTED | R11: NOT TESTED | T11: Every release
A12: T010 | B12: Cross-platform | C12: 3-Core | D12: Functional audit | E12: Delete | F12: Delete primary record | G12: Delete; confirm; restart; search for record | H12: Record absent; dependent data handled safely | I12: Manual/E2E | J12: Semi-automated | K12: P0 | L12: Critical | M12: YES | N12: NOT STARTED | R12: NOT TESTED | T12: Every release
A13: T011 | B13: Cross-platform | C13: 3-Core | D13: Data integrity | E13: Duplicate action | F13: Double-click/tap Save rapidly | G13: Trigger same action repeatedly | H13: No duplicate record/request | I13: Manual/automation | J13: Semi-automated | K13: P1 | L13: High | M13: YES | N13: NOT STARTED | R13: NOT TESTED | T13: Every release
A14: T012 | B14: Cross-platform | C14: 3-Core | D14: Negative testing | E14: Required fields | F14: Submit empty/invalid required inputs | G14: Try empty, whitespace-only, invalid formats | H14: Inline error; no invalid data stored | I14: Manual/E2E | J14: Semi-automated | K14: P1 | L14: High | M14: YES | N14: NOT STARTED | R14: NOT TESTED | T14: Every release
... A72: P020 | B72: PC/Web | C72: 11-PC | D72: Browser storage | E72: Cache/storage reset | F72: Clear cache or site data per scenario | G72: Relaunch | H72: Behavior matches persistence design | I72: DevTools | J72: Manual | K72: P2 | L72: Medium | M72: NO | N72: NOT STARTED | R72: NOT TESTED | T72: Before MVP
A73: A001 | B73: Android | C73: 12-Android | D73: Install/upgrade | E73: Fresh install | F73: Install release APK/AAB | G73: Install on clean device; first launch | H73: Install/launch succeeds; default state valid | I73: ADB/internal testing | J73: Semi-automated | K73: P0 | L73: Critical | M73: YES | N73: N/A | P73: Out of MVP scope per user decision 2026-09-24: MVP is Windows desktop offline app only (no Android/AI). See work/AUDIT_STATE.json scope_decision. | R73: N/A | T73: Every release
A74: A002 | B74: Android | C74: 12-Android | D74: Install/upgrade | E74: Upgrade | F74: Upgrade from previous build | G74: Create data on old build; install new build | H74: App launches; user data/settings preserved | I74: ADB/internal testing | J74: Semi-automated | K74: P0 | L74: Critical | M74: YES | N74: N/A | P74: Out of MVP scope per user decision 2026-09-24: MVP is Windows desktop offline app only (no Android/AI). See work/AUDIT_STATE.json scope_decision. | R74: N/A | T74: Every release
A75: A003 | B75: Android | C75: 12-Android | D75: Install/upgrade | E75: Clear cache | F75: Clear cache only | G75: Relaunch | H75: Persistent data remains as designed | I75: Settings/ADB | J75: Manual | K75: P1 | L75: High | M75: YES | N75: N/A | P75: Out of MVP scope per user decision 2026-09-24: MVP is Windows desktop offline app only (no Android/AI). See work/AUDIT_STATE.json scope_decision. | R75: N/A | T75: Every release
A76: A004 | B76: Android | C76: 12-Android | D76: Install/upgrade | E76: Clear app data | F76: Clear all app data | G76: Launch clean | H76: Valid onboarding/defaults; no broken remote state | I76: Settings/ADB | J76: Manual | K76: P2 | L76: Medium | M76: NO | N76: N/A | P76: Out of MVP scope per user decision 2026-09-24: MVP is Windows desktop offline app only (no Android/AI). See work/AUDIT_STATE.json scope_decision. | R76: N/A | T76: Before MVP
A77: A005 | B77: Android | C77: 12-Android | D77: Lifecycle | E77: Background/foreground | F77: Home and return | G77: Start core task; Home; return | H77: State restored; no duplicate action/crash | I77: ADB/manual | J77: Manual | K77: P0 | L77: Critical | M77: YES | N77: N/A | P77: Out of MVP scope per user decision 2026-09-24: MVP is Windows desktop offline app only (no Android/AI). See work/AUDIT_STATE.json scope_decision. | R77: N/A | T77: Every release
A78: A006 | B78: Android | C78: 12-Android | D78: Lifecycle | E78: Lock/unlock | F78: Lock on form/result | G78: Unlock | H78: State valid; privacy behavior appropriate | I78: Manual | J78: Manual | K78: P1 | L78: High | M78: YES | N78: N/A | P78: Out of MVP scope per user decision 2026-09-24: MVP is Windows desktop offline app only (no Android/AI). See work/AUDIT_STATE.json scope_decision. | R78: N/A | T78: Every release
A79: A007 | B79: Android | C79: 12-Android | D79: Lifecycle | E79: Rotation | F79: Rotate critical screens | G79: Portrait↔landscape | H79: No crash/data loss/layout overlap | I79: Emulator/device | J79: Manual | K79: P1 | L79: High | M79: YES | N79: N/A | P79: Out of MVP scope per user decision 2026-09-24: MVP is Windows desktop offline app only (no Android/AI). See work/AUDIT_STATE.json scope_decision. | R79: N/A | T79: Every release
A80: A008 | B80: Android | C80: 12-Android | D80: Lifecycle | E80: Process death | F80: OS/process kills activity | G80: Use Don't keep activities or kill background process | H80: App restores or safely returns to consistent state | I80: Developer options/ADB | J80: Manual | K80: P0 | L80: Critical | M80: YES | N80: N/A | P80: Out of MVP scope per user decision 2026-09-24: MVP is Windows desktop offline app only (no Android/AI). See work/AUDIT_STATE.json scope_decision. | R80: N/A | T80: Every release
A81: A009 | B81: Android | C81: 12-Android | D81: Lifecycle | E81: Kill during save | F81: Force-stop at save boundary | G81: Reopen | H81: No corrupted storage; deterministic state | I81: ADB | J81: Manual | K81: P0 | L81: Critical | M81: YES | N81: N/A | P81: Out of MVP scope per user decision 2026-09-24: MVP is Windows desktop offline app only (no Android/AI). See work/AUDIT_STATE.json scope_decision. | R81: N/A | T81: Every release
A82: A010 | B82: Android | C82: 12-Android | D82: Permissions | E82: Allow | F82: Grant each runtime permission | G82: Use dependent feature | H82: Feature works; no bad prompt loop | I82: Device/settings | J82: Manual | K82: P1 | L82: High | M82: YES | N82: N/A | P82: Out of MVP scope per user decision 2026-09-24: MVP is Windows desktop offline app only (no Android/AI). See work/AUDIT_STATE.json scope_decision. | R82: N/A | T82: Every release
A83: A011 | B83: Android | C83: 12-Android | D83: Permissions | E83: Deny | F83: Deny each runtime permission | G83: Try dependent feature | H83: No crash; clear limited-function UX | I83: Device/settings | J83: Manual | K83: P0 | L83: Critical | M83: YES | N83: N/A | P83: Out of MVP scope per user decision 2026-09-24: MVP is Windows desktop offline app only (no Android/AI). See work/AUDIT_STATE.json scope_decision. | R83: N/A | T83: Every release
A84: A012 | B84: Android | C84: 12-Android | D84: Permissions | E84: Deny permanently | F84: Permanent denial | G84: Retry feature | H84: App offers Settings path; no infinite prompt | I84: Device/settings | J84: Manual | K84: P1 | L84: High | M84: YES | N84: N/A | P84: Out of MVP scope per user decision 2026-09-24: MVP is Windows desktop offline app only (no Android/AI). See work/AUDIT_STATE.json scope_decision. | R84: N/A | T84: Before MVP
... A122: AI010 | B122: AI/RAG | C122: 13-AI | D122: Regression | E122: Golden eval | F122: Frozen eval suite | G122: Run after prompt/model/index change | H122: No critical regression beyond threshold | I122: Eval harness | J122: Automated | K122: P1 | L122: High | M122: YES | N122: N/A | P122: Out of MVP scope per user decision 2026-09-24: MVP is Windows desktop offline app only (no Android/AI). See work/AUDIT_STATE.json scope_decision. | R122: N/A | T122: After model/index change
A123: R001 | B123: Release | C123: 14-UAT | D123: UAT | E123: First-use | F123: New user primary task | G123: Observe 3–10 users without coaching | H123: ≥90% complete critical task; no P0/P1 blocker | I123: Moderated UAT | J123: Manual | K123: P0 | L123: Critical | M123: YES | N123: NOT STARTED | R123: NOT TESTED | T123: One-time before launch
A124: R002 | B124: Release | C124: 14-UAT | D124: UAT | E124: Error recovery | F124: Seeded recoverable error | G124: Observe user response | H124: User understands and recovers without external help | I124: Moderated UAT | J124: Manual | K124: P1 | L124: High | M124: YES | N124: NOT STARTED | R124: NOT TESTED | T124: One-time before launch
A125: R003 | B125: Release | C125: 15-Release | D125: Release readiness | E125: P0 defects | F125: Open P0 review | G125: Review defect register | H125: 0 open P0 defects | I125: Defect tracker | J125: Manual | K125: P0 | L125: Critical | M125: YES | N125: NOT STARTED | R125: NOT TESTED | T125: Every release
A126: R004 | B126: Release | C126: 15-Release | D126: Release readiness | E126: P1 defects | F126: Open P1 review | G126: Review defect register | H126: 0 open P1 in MVP-critical scope | I126: Defect tracker | J126: Manual | K126: P0 | L126: Critical | M126: YES | N126: NOT STARTED | R126: NOT TESTED | T126: Every release
A127: R005 | B127: Release | C127: 15-Release | D127: Release readiness | E127: Evidence | F127: Blocking gate evidence | G127: Verify reports/evidence | H127: Every blocking gate has evidence/owner | I127: Checklist | J127: Manual | K127: P1 | L127: High | M127: YES | N127: NOT STARTED | R127: NOT TESTED | T127: Every release
A128: R006 | B128: Release | C128: 15-Release | D128: Release readiness | E128: Rollback/recovery | F128: Bad release plan | G128: Document and simulate rollback/recovery | H128: Plan actionable and tested/simulated | I128: Release runbook | J128: Manual | K128: P1 | L128: High | M128: YES | N128: NOT STARTED | R128: NOT TESTED | T128: Every release
A129: R007 | B129: Release | C129: 15-Release | D129: Release readiness | E129: Final smoke | F129: Release candidate smoke | G129: Install RC and run 10-minute smoke | H129: All smoke tests pass on target platforms | I129: Smoke suite | J129: Semi-automated | K129: P0 | L129: Critical | M129: YES | N129: NOT STARTED | R129: NOT TESTED | T129: Every release

Sheet Defects
A1: Defect Register — баги, блокери та ретест
A2: Defect ID | B2: Test ID | C2: Platform | D2: Title | E2: Steps to reproduce | F2: Expected | G2: Actual | H2: Severity | I2: Priority | J2: Reproducibility | K2: Status | L2: Owner | M2: Found Build | N2: Fixed Build | O2: Retest | P2: Evidence | Q2: Notes | R2: Release Blocker
K3: OPEN | O3: NOT TESTED | R3: NO
K4: OPEN | O4: NOT TESTED | R4: NO
K5: OPEN | O5: NOT TESTED | R5: NO
K6: OPEN | O6: NOT TESTED | R6: NO
K7: OPEN | O7: NOT TESTED | R7: NO
K8: OPEN | O8: NOT TESTED | R8: NO
K9: OPEN | O9: NOT TESTED | R9: NO
K10: OPEN | O10: NOT TESTED | R10: NO
K11: OPEN | O11: NOT TESTED | R11: NO
K12: OPEN | O12: NOT TESTED | R12: NO
K13: OPEN | O13: NOT TESTED | R13: NO
K14: OPEN | O14: NOT TESTED | R14: NO
... K82: OPEN | O82: NOT TESTED | R82: NO

Sheet Test Runs
A1: Test Run Log — історія перевірок build-ів
A2: Run ID | B2: Date | C2: Build / Commit | D2: Platform / Device | E2: OS / Browser / WebView | F2: Environment | G2: Tester | H2: Scope | I2: Total | J2: Pass | K2: Fail | L2: Blocked | M2: Duration | N2: Notes
A3: RUN-20260924-GUARDS | B3: 2026-09-24 | C3: main 793dc08 | D3: Windows x64 / seed DB + fixture DB | E3: Windows 11 / Python 3.13 | F3: local | G3: manager | H3: calculator guards + persistence (fixture DB); production-DB tests blocked on seed DB | I3: 17 | J3: 11 | K3: 0 | L3: 6 | M3: ~5s | N3: 6 blocked: seed DB has 0 models, production DB only in private release v3.3.0

Sheet Release Gate
A1: Release Gate — мінімальні умови для MVP Release Candidate
A2: Gate ID | B2: Blocking Gate | C2: Required threshold | D2: Current value | E2: Result | F2: Why it matters | G2: Action if FAIL
A3: G01 | B3: Open P0 defects | C3: 0 | D3: =COUNTIFS(Defects!$I$3:$I$1000,"P0",Defects!$K$3:$K$1000,"<>CLOSED",Defects!$A$3:$A$1000,"<>") | E3: =IF(D3=VALUE(C3),"PASS","FAIL") | F3: P0 = crash/data loss/security/release blocker | G3: Do not release; fix or remove affected scope
A4: G02 | B4: Open P1 defects | C4: 0 | D4: =COUNTIFS(Defects!$I$3:$I$1000,"P1",Defects!$K$3:$K$1000,"<>CLOSED",Defects!$A$3:$A$1000,"<>") | E4: =IF(D4=VALUE(C4),"PASS","FAIL") | F4: P1 breaks major user flow or reliability | G4: Fix before MVP unless scope removed
A5: G03 | B5: Failed MVP-gate tests | C5: 0 | D5: =COUNTIFS('MVP Test Matrix'!$M$3:$M$500,"YES",'MVP Test Matrix'!$N$3:$N$500,"FAIL") | E5: =IF(D5=VALUE(C5),"PASS","FAIL") | F5: Blocking tests must not fail | G5: Fix defect and retest
A6: G04 | B6: Blocked MVP-gate tests | C6: 0 | D6: =COUNTIFS('MVP Test Matrix'!$M$3:$M$500,"YES",'MVP Test Matrix'!$N$3:$N$500,"BLOCKED") | E6: =IF(D6=VALUE(C6),"PASS","FAIL") | F6: Unknown critical state is not release-ready | G6: Unblock environment/dependency and execute
A7: G05 | B7: Untested MVP-gate tests | C7: 0 | D7: =COUNTIFS('MVP Test Matrix'!$M$3:$M$500,"YES",'MVP Test Matrix'!$N$3:$N$500,"NOT STARTED")+COUNTIFS('MVP Test Matrix'!$M$3:$M$500,"YES",'MVP Test Matrix'!$N$3:$N$500,"IN PROGRESS") | E7: =IF(D7=VALUE(C7),"PASS","FAIL") | F7: Critical coverage must be complete | G7: Finish all blocking tests
A8: G06 | B8: P0 test failures | C8: 0 | D8: =COUNTIFS('MVP Test Matrix'!$K$3:$K$500,"P0",'MVP Test Matrix'!$N$3:$N$500,"FAIL") | E8: =IF(D8=VALUE(C8),"PASS","FAIL") | F8: P0 failures represent unacceptable MVP risk | G8: Fix and rerun regression
A9: G07 | B9: Android gate failures | C9: 0 | D9: =COUNTIFS('MVP Test Matrix'!$B$3:$B$500,"Android",'MVP Test Matrix'!$M$3:$M$500,"YES",'MVP Test Matrix'!$N$3:$N$500,"FAIL") | E9: =IF(D9=VALUE(C9),"PASS","FAIL") | F9: Android release must pass lifecycle/install/data critical paths | G9: Fix and retest on device matrix
A10: G08 | B10: PC/Web gate failures | C10: 0 | D10: =COUNTIFS('MVP Test Matrix'!$B$3:$B$500,"PC/Web",'MVP Test Matrix'!$M$3:$M$500,"YES",'MVP Test Matrix'!$N$3:$N$500,"FAIL") | E10: =IF(D10=VALUE(C10),"PASS","FAIL") | F10: PC/Web target must pass supported environment | G10: Fix compatibility or remove unsupported target
A11: G09 | B11: Cross-platform gate failures | C11: 0 | D11: =COUNTIFS('MVP Test Matrix'!$B$3:$B$500,"Cross-platform",'MVP Test Matrix'!$M$3:$M$500,"YES",'MVP Test Matrix'!$N$3:$N$500,"FAIL") | E11: =IF(D11=VALUE(C11),"PASS","FAIL") | F11: Core product logic/data/security applies everywhere | G11: Fix before RC
A12: G10 | B12: Final smoke test | C12: PASS | D12: =IF(COUNTIFS('MVP Test Matrix'!$A$3:$A$500,"R007",'MVP Test Matrix'!$N$3:$N$500,"PASS")=1,"PASS","NOT PASS") | E12: =IF(D12=C12,"PASS","FAIL") | F12: Final artifact must install and complete smoke flow | G12: Rebuild/retest RC
A13: G11 | B13: Workbook structural integrity errors | C13: 0 | D13: =(COUNTA('MVP Test Matrix'!$B$3:$B$500)-COUNTIF('MVP Test Matrix'!$B$3:$B$500,"Cross-platform")-COUNTIF('MVP Test Matrix'!$B$3:$B$500,"PC/Web")-COUNTIF('MVP Test Matrix'!$B$3:$B$500,"Android")-COUNTIF('MVP Test Matrix'!$B$3:$B$500,"Backend/API")-COUNTIF('MVP Test Matrix'!$B$3:$B$500,"AI/RAG")-COUNTIF('MVP Test Matrix'!$B$3:$B$500,"Release"))+(COUNTA('MVP Test Matrix'!$J$3:$J$500)-COUNTIF('MVP Test Matrix'!$J$3:$J$500,"Manual")-COUNTIF('MVP Test Matrix'!$J$3:$J$500,"Semi-automated")-COUNTIF('MVP Test Matrix'!$J$3:$J$500,"Automated"))+(COUNTA('MVP Test Matrix'!$K$3:$K$500)-COUNTIF('MVP Test Matrix'!$K$3:$K$500,"P0")-COUNTIF('MVP Test Matrix'!$K$3:$K$500,"P1")-COUNTIF('MVP Test Matrix'!$K$3:$K$500,"P2")-COUNTIF('MVP Test Matrix'!$K$3:$K$500,"P3"))+(COUNTA('MVP Test Matrix'!$L$3:$L$500)-COUNTIF('MVP Test Matrix'!$L$3:$L$500,"Critical")-COUNTIF('MVP Test Matrix'!$L$3:$L$500,"High")-COUNTIF('MVP Test Matrix'!$L$3:$L$500,"Medium")-COUNTIF('MVP Test Matrix'!$L$3:$L$500,"Low"))+(COUNTA('MVP Test Matrix'!$M$3:$M$500)-COUNTIF('MVP Test Matrix'!$M$3:$M$500,"YES")-COUNTIF('MVP Test Matrix'!$M$3:$M$500,"NO"))+(COUNTA('MVP Test Matrix'!$N$3:$N$500)-COUNTIF('MVP Test Matrix'!$N$3:$N$500,"NOT STARTED")-COUNTIF('MVP Test Matrix'!$N$3:$N$500,"IN PROGRESS")-COUNTIF('MVP Test Matrix'!$N$3:$N$500,"PASS")-COUNTIF('MVP Test Matrix'!$N$3:$N$500,"FAIL")-COUNTIF('MVP Test Matrix'!$N$3:$N$500,"BLOCKED")-COUNTIF('MVP Test Matrix'!$N$3:$N$500,"N/A"))+(COUNTA('MVP Test Matrix'!$R$3:$R$500)-COUNTIF('MVP Test Matrix'!$R$3:$R$500,"NOT TESTED")-COUNTIF('MVP Test Matrix'!$R$3:$R$500,"PASS")-COUNTIF('MVP Test Matrix'!$R$3:$R$500,"FAIL")-COUNTIF('MVP Test Matrix'!$R$3:$R$500,"N/A"))+(COUNTA('MVP Test Matrix'!$T$3:$T$500)-COUNTIF('MVP Test Matrix'!$T$3:$T$500,"Every release")-COUNTIF('MVP Test Matrix'!$T$3:$T$500,"Every major release")-COUNTIF('MVP Test Matrix'!$T$3:$T$500,"After related change")-COUNTIF('MVP Test Matrix'!$T$3:$T$500,"Before MVP")-COUNTIF('MVP Test Matrix'!$T$3:$T$500,"Periodic")-COUNTIF('MVP Test Matrix'!$T$3:$T$500,"One-time before launch")-COUNTIF('MVP Test Matrix'!$T$3:$T$500,"Every build")-COUNTIF('MVP Test Matrix'!$T$3:$T$500,"If feature changes")-COUNTIF('MVP Test Matrix'!$T$3:$T$500,"After model/index change"))+COUNTIFS('MVP Test Matrix'!$A$3:$A$500,"<>",'MVP Test Matrix'!$B$3:$B$500,"")+COUNTIFS('MVP Test Matrix'!$A$3:$A$500,"<>",'MVP Test Matrix'!$F$3:$F$500,"")+COUNTIFS('MVP Test Matrix'!$A$3:$A$500,"<>",'MVP Test Matrix'!$G$3:$G$500,"")+COUNTIFS('MVP Test Matrix'!$A$3:$A$500,"<>",'MVP Test Matrix'!$H$3:$H$500,"")+COUNTIFS('MVP Test Matrix'!$A$3:$A$500,"<>",'MVP Test Matrix'!$I$3:$I$500,"")+COUNTIFS('MVP Test Matrix'!$A$3:$A$500,"<>",'MVP Test Matrix'!$J$3:$J$500,"")+COUNTIFS('MVP Test Matrix'!$A$3:$A$500,"<>",'MVP Test Matrix'!$K$3:$K$500,"")+COUNTIFS('MVP Test Matrix'!$A$3:$A$500,"<>",'MVP Test Matrix'!$L$3:$L$500,"")+COUNTIFS('MVP Test Matrix'!$A$3:$A$500,"<>",'MVP Test Matrix'!$M$3:$M$500,"")+COUNTIFS('MVP Test Matrix'!$A$3:$A$500,"<>",'MVP Test Matrix'!$N$3:$N$500,"")+COUNTIFS('MVP Test Matrix'!$A$3:$A$500,"<>",'MVP Test Matrix'!$R$3:$R$500,"")+COUNTIFS('MVP Test Matrix'!$A$3:$A$500,"<>",'MVP Test Matrix'!$T$3:$T$500,"")+COUNTIFS('MVP Test Matrix'!$A$3:$A$500,"",'MVP Test Matrix'!$B$3:$B$500,"<>") | E13: =IF(D13=VALUE(C13),"PASS","FAIL") | F13: Malformed enums, missing gate fields, duplicate/orphan rows or shifted columns can invalidate release counts | G13: Repair workbook structure and recompute all gate inputs from raw rows
A14: G12 | B14: Open Critical defects | C14: 0 | D14: =COUNTIFS(Defects!$H$3:$H$1000,"Critical",Defects!$K$3:$K$1000,"<>CLOSED",Defects!$A$3:$A$1000,"<>") | E14: =IF(D14=VALUE(C14),"PASS","FAIL") | F14: A Critical defect in required MVP scope is release-blocking regardless of priority label | G14: Resolve, verify and close the Critical defect
A15: G13 | B15: Open ReleaseBlocker defects | C15: 0 | D15: =COUNTIFS(Defects!$R$3:$R$1000,"YES",Defects!$K$3:$K$1000,"<>CLOSED",Defects!$A$3:$A$1000,"<>") | E15: =IF(D15=VALUE(C15),"PASS","FAIL") | F15: ReleaseBlocker=YES independently blocks the release decision | G15: Resolve and verify every open release blocker
A16: G14 | B16: MVP-gate N/A without evidence | C16: 0 | D16: =COUNTIFS('MVP Test Matrix'!$M$3:$M$500,"YES",'MVP Test Matrix'!$N$3:$N$500,"N/A",'MVP Test Matrix'!$P$3:$P$500,"") | E16: =IF(D16=VALUE(C16),"PASS","FAIL") | F16: N/A cannot remove a required gate without objective documented evidence | G16: Add objective applicability evidence or execute/fix the test
A18: MVP Gate Summary
A19: Blocking gates passed | B19: =COUNTIF(E3:E16,"PASS")
A20: Blocking gates total | B20: =COUNTA(A3:A16)
A21: Gate pass ratio | B21: =IF(B20=0,0,B19/B20)
A22: Release decision | B22: =IF(B21=1,"MVP RELEASE CANDIDATE","NOT READY")

Sheet Lists
A1: Status | B1: Priority | C1: Severity | D1: Automation | E1: MVP Gate | F1: Retest | G1: Platform | H1: Frequency | I1: Release Blocker
A2: NOT STARTED | B2: P0 | C2: Critical | D2: Manual | E2: YES | F2: NOT TESTED | G2: Cross-platform | H2: Every release | I2: YES
A3: IN PROGRESS | B3: P1 | C3: High | D3: Semi-automated | E3: NO | F3: PASS | G3: PC/Web | H3: Every major release | I3: NO
A4: PASS | B4: P2 | C4: Medium | D4: Automated | F4: FAIL | G4: Android | H4: After related change
A5: FAIL | B5: P3 | C5: Low | F5: N/A | G5: Backend/API | H5: Before MVP
A6: BLOCKED | G6: AI/RAG | H6: Periodic
A7: N/A | G7: Release | H7: One-time before launch
H8: Every build
H9: If feature changes
H10: After model/index change
